<?xml version="1.0" encoding="UTF-8"?>
<!DOCTYPE configuration PUBLIC "-//mybatis.org//DTD Config 3.0/EN" "http://mybatis.org/dtd/mybatis-3-config.dtd">
<configuration>
	<typeAliases>
		<typeAlias type="com.koreait.onnet.user.model.UserVO" alias="UserVO" />
		<typeAlias type="com.koreait.onnet.user.model.UserDMI" alias="UserDMI" />
		<typeAlias type="com.koreait.onnet.user.model.UserPARAM" alias="UserPARAM" />
		
		<typeAlias type="com.koreait.onnet.rest.model.RestVO" alias="RestVO" />
		<typeAlias type="com.koreait.onnet.rest.model.RestDMI" alias="RestDMI" />
		<typeAlias type="com.koreait.onnet.rest.model.RestPARAM" alias="RestPARAM" />
		<typeAlias type="com.koreait.onnet.rest.model.RestRecMenuVO" alias="RestRecMenuVO" />
		
		<typeAlias type="com.koreait.onnet.model.CodeVO" alias="CodeVO" />
	</typeAliases>
</configuration>