<?xml version="1.0" encoding="UTF-8"?>
<!DOCTYPE mapper PUBLIC "-//mybatis.org//DTD Mapper 3.0//EN" "http://mybatis.org/dtd/mybatis-3-mapper.dtd">
<mapper namespace="com.koreait.onnet.user.UserMapper">
	<insert id="insUser" parameterType="UserVO">
		INSERT INTO t_user
		(user_id, user_pw, salt, nm)
		VALUES
		(#{user_id}, #{user_pw}, #{salt}, #{nm})
	</insert>

	<select id="selUser" parameterType="UserPARAM" resultType="UserDMI">
		SELECT i_user, user_id, user_pw, salt, nm, profile_img, r_dt
		FROM t_user
		WHERE 
		<if test="i_user > 0"> i_user = #{i_user}</if>
		<if test="user_id != null and user_id != ''"> user_id = #{user_id}</if>
	</select>
</mapper> 